time,volume,open,close,date
00:00:00,217,77.6,77.6,2020-01-20
00:00:00,174,78.2,78,2020-01-21
00:00:00,56,77,78,2020-01-22
00:00:00,37,77,76.8,2020-01-23
00:00:00,457,75.4,75.6,2020-01-24
00:00:00,664,75.8,73.6,2020-01-27
00:00:00,77,74.2,74,2020-01-28
00:00:00,403,73,72.4,2020-01-29
00:00:00,4864,72.8,73,2020-01-30
00:00:00,1206,73.8,71.8,2020-01-31
00:00:00,819,71.2,72,2020-02-03
00:00:00,232,70.2,71.6,2020-02-04
00:00:00,309,72,71,2020-02-05
00:00:00,344,71.8,70,2020-02-06
00:00:00,651,70.8,72.2,2020-02-07
00:00:00,134,74.4,73.2,2020-02-10
00:00:00,211,74,74.2,2020-02-11
00:00:00,267,74.4,75,2020-02-12
00:00:00,50,74.8,73.8,2020-02-13
00:00:00,437,74.8,74.8,2020-02-14
00:00:00,122,73.6,75,2020-02-17
00:00:00,177,75.4,74.6,2020-02-18
00:00:00,443,75.8,75.2,2020-02-19
00:00:00,85,77.2,75.4,2020-02-20
00:00:00,247,76,76.2,2020-02-21
00:00:00,100,76.4,75.4,2020-02-25
00:00:00,62,74.2,73,2020-02-26
00:00:00,203,72,72,2020-02-27
00:00:00,138,70,68.4,2020-02-28
00:00:00,264,72.6,70.8,2020-03-02
00:00:00,21,72.2,72.2,2020-03-03
00:00:00,477,70.8,70.6,2020-03-04
00:00:00,149,70,69.8,2020-03-05
00:00:00,278,69,68.6,2020-03-06
00:00:00,448,65.2,62.8,2020-03-10
00:00:00,151,63,63,2020-03-11
00:00:00,330,62.2,56.2,2020-03-12
00:00:00,153,55.8,58.6,2020-03-13
00:00:00,336,58.4,55.4,2020-03-16
00:00:00,92,58,58,2020-03-17
00:00:00,142,58.2,55.2,2020-03-18
00:00:00,195,57.2,56.4,2020-03-19
00:00:00,131,59.2,58.6,2020-03-20
00:00:00,302,53.6,58,2020-03-23
00:00:00,148,59,62,2020-03-24
00:00:00,237,62,63.2,2020-03-25
00:00:00,176,63,64.4,2020-03-26
00:00:00,123,63,62,2020-03-27
00:00:00,232,62,61.4,2020-03-30
00:00:00,280,63.4,62.4,2020-03-31
00:00:00,772,62.8,63.4,2020-04-01
00:00:00,559,64,62.8,2020-04-02
00:00:00,104,63.2,61.8,2020-04-03
00:00:00,177,61.2,63.4,2020-04-06
00:00:00,364,64.4,64.6,2020-04-07
00:00:00,99,63.2,64.6,2020-04-08
00:00:00,84,64.6,65,2020-04-09
00:00:00,50,65,64.6,2020-04-10
00:00:00,2530,64.2,70.6,2020-04-13
00:00:00,477,74.2,74.4,2020-04-14
00:00:00,223,74,69.2,2020-04-15
00:00:00,72,69.6,71,2020-04-16
00:00:00,127,71,71,2020-04-17
00:00:00,32,70,70.2,2020-04-20
00:00:00,71,70.8,70.2,2020-04-21
00:00:00,57,70,71.2,2020-04-22
00:00:00,51,71,70.8,2020-04-23
00:00:00,256,71,73,2020-04-24
00:00:00,462,72,74,2020-04-27
00:00:00,137,72.8,72.2,2020-04-28
00:00:00,28,72.2,72.4,2020-04-29
00:00:00,125,73,70.8,2020-04-30
00:00:00,58,71,71,2020-05-04
00:00:00,14,72,71.8,2020-05-05
00:00:00,39,71.2,71.4,2020-05-06
00:00:00,8,71.6,71.6,2020-05-07
00:00:00,33,72.6,72,2020-05-08
00:00:00,15,71.4,71.4,2020-05-12
00:00:00,24,72,70.8,2020-05-13
00:00:00,37,71.8,70.6,2020-05-14
00:00:00,7,70.2,70.6,2020-05-15
00:00:00,75,70,70.4,2020-05-18
00:00:00,218,70.2,70.6,2020-05-19
00:00:00,81,71,70.8,2020-05-20
00:00:00,71,70.2,70.2,2020-05-21
00:00:00,59,70.4,70.2,2020-05-22
00:00:00,66,71,70.8,2020-05-25
00:00:00,283,72,70.2,2020-05-26
00:00:00,105,71.8,71,2020-05-27
00:00:00,24,70.6,70.6,2020-05-28
00:00:00,46,70.8,71.6,2020-05-29
00:00:00,22,71.6,71.4,2020-06-01
00:00:00,20,70,70.8,2020-06-02
00:00:00,35,70.8,70,2020-06-03
00:00:00,2727,71.6,75,2020-06-04
00:00:00,170,76,74,2020-06-05
00:00:00,667,75,71.2,2020-06-08
00:00:00,660,72.8,71.8,2020-06-09
00:00:00,59,72.6,71.6,2020-06-10
00:00:00,59,71.4,71,2020-06-11
00:00:00,64,71,71.8,2020-06-15
00:00:00,84,71.2,72.8,2020-06-16
00:00:00,30,71.2,72.4,2020-06-17
00:00:00,344,73,70.2,2020-06-18
00:00:00,52,70,70.2,2020-06-19
00:00:00,309,70,71.8,2020-06-22
00:00:00,7,72,71.8,2020-06-23
00:00:00,147,71,70.6,2020-06-25
00:00:00,29,71,70,2020-06-26
00:00:00,29,70,70,2020-06-29
00:00:00,14,70,70.4,2020-06-30
00:00:00,214,70,70.4,2020-07-02
00:00:00,120,70.4,70.6,2020-07-03
00:00:00,58,71.2,71,2020-07-06
00:00:00,19,70.4,71,2020-07-07
00:00:00,35,71,69.8,2020-07-08
00:00:00,208,70,73.6,2020-07-09
00:00:00,39,71.6,71.8,2020-07-10
00:00:00,98,73.2,72,2020-07-13
00:00:00,20,71.8,71,2020-07-14
00:00:00,34,71.2,70.8,2020-07-15
00:00:00,14,71,71.6,2020-07-16
00:00:00,43,70.8,70.8,2020-07-17
00:00:00,69,70.6,70.6,2020-07-20
00:00:00,23,71.8,71.4,2020-07-21
00:00:00,27,70.6,70.8,2020-07-22
00:00:00,107,71,70.4,2020-07-23
00:00:00,137,69.8,71.2,2020-07-24
00:00:00,455,70.2,71,2020-07-27
00:00:00,109,69.2,70.2,2020-07-28
00:00:00,27,70,70.6,2020-07-29
00:00:00,36,70.2,70,2020-07-30
00:00:00,52,70.4,69.4,2020-07-31
00:00:00,76,70.8,69.8,2020-08-03
00:00:00,152,70.4,71.4,2020-08-04
00:00:00,25,71.2,71,2020-08-05
00:00:00,178,72,71.4,2020-08-06
00:00:00,17,71.8,71.2,2020-08-07
00:00:00,239,70.4,71.2,2020-08-10
00:00:00,56,70.6,71.6,2020-08-11
00:00:00,98,70.6,71.8,2020-08-12
00:00:00,11367,71.8,76.4,2020-08-13
00:00:00,3289,80,80,2020-08-14
00:00:00,575,80,77.8,2020-08-17
00:00:00,603,77.4,78,2020-08-18
00:00:00,1748,79,78.8,2020-08-19
00:00:00,243,78,78.2,2020-08-20
00:00:00,130,79,76.8,2020-08-21
00:00:00,168,76.8,76.4,2020-08-24
00:00:00,48,75.8,77.8,2020-08-25
00:00:00,2213,77.8,77.8,2020-08-26
00:00:00,3123,78,81.8,2020-08-27
00:00:00,295,82,81.2,2020-08-28
00:00:00,216,82,81,2020-08-31
00:00:00,163,81.8,79.6,2020-09-01
00:00:00,67,79.2,78.8,2020-09-02
00:00:00,135,81.4,79.4,2020-09-03
00:00:00,501,80.4,80.4,2020-09-04
00:00:00,21,77.6,79.8,2020-09-07
00:00:00,111,79.2,78.2,2020-09-08
00:00:00,146,79,78,2020-09-09
00:00:00,73,77.2,77.8,2020-09-10
00:00:00,356,77.2,81.6,2020-09-11
00:00:00,1636,82.6,81,2020-09-14
00:00:00,131,81,80.8,2020-09-15
00:00:00,163,80,79.2,2020-09-16
00:00:00,39,80,79,2020-09-17
00:00:00,153,79.8,79,2020-09-18
00:00:00,112,78.2,77.6,2020-09-21
00:00:00,53,78,79,2020-09-22
00:00:00,52,79.2,79,2020-09-23
00:00:00,60,77.2,78.4,2020-09-24
00:00:00,57,76,78.6,2020-09-25
00:00:00,58,77.4,78.6,2020-09-28
00:00:00,24,78,78.4,2020-09-29
00:00:00,81,78.6,77.6,2020-09-30
00:00:00,53,78,78,2020-10-01
00:00:00,405,77.4,77.2,2020-10-02
00:00:00,17,78,78,2020-10-05
00:00:00,125,77.2,77.8,2020-10-06
00:00:00,58,76.4,76.6,2020-10-07
00:00:00,19,77,77.4,2020-10-08
00:00:00,94,76.8,76,2020-10-09
00:00:00,105,75.2,76.2,2020-10-12
00:00:00,20,76.4,76.6,2020-10-13
00:00:00,56,76.4,75.8,2020-10-14
00:00:00,39,75.8,75.4,2020-10-15
00:00:00,48,75,75.2,2020-10-16
00:00:00,9,75,75.2,2020-10-19
00:00:00,77,74.2,75.2,2020-10-20
00:00:00,10,74.8,74.6,2020-10-21
00:00:00,7,74.2,74.8,2020-10-22
00:00:00,1754,74.2,78.8,2020-10-23
00:00:00,235,78.2,77.2,2020-10-26
00:00:00,387,77.8,77.2,2020-10-27
00:00:00,356,77.2,73.8,2020-10-28
00:00:00,740,73.8,76.6,2020-10-29
00:00:00,43,77.8,77.4,2020-10-30
00:00:00,70,78,77.2,2020-11-02
00:00:00,162,74.2,77.2,2020-11-03
00:00:00,549,77,78.4,2020-11-05
00:00:00,41,78.4,77.8,2020-11-06
00:00:00,163,78,78.2,2020-11-09
00:00:00,57,78,78.2,2020-11-10
00:00:00,100,77.6,78,2020-11-11
00:00:00,24,78,77.4,2020-11-12
00:00:00,86,79,78.4,2020-11-13
00:00:00,271,78,78.4,2020-11-16
00:00:00,79,78.2,78.4,2020-11-17
00:00:00,59,77.6,78,2020-11-18
00:00:00,11,77.4,78,2020-11-19
00:00:00,120,78.2,77,2020-11-20
00:00:00,432,77.6,76.4,2020-11-23
00:00:00,231,76.8,77,2020-11-24
00:00:00,138,77.8,76.6,2020-11-25
00:00:00,123,76,77,2020-11-26
00:00:00,34,76.8,76.8,2020-11-27
00:00:00,24,76,76.6,2020-11-30
00:00:00,163,77,76.6,2020-12-01
00:00:00,67,78,76.6,2020-12-02
00:00:00,194,76,77,2020-12-03
00:00:00,110,76,77.6,2020-12-04
00:00:00,62,76.4,77,2020-12-07
00:00:00,79,76.6,77.6,2020-12-08
00:00:00,50,78,76.4,2020-12-09
00:00:00,47,78,77.4,2020-12-10
00:00:00,89,77.8,77.2,2020-12-11
00:00:00,65,77,76.8,2020-12-14
00:00:00,219,76.8,78.2,2020-12-15
00:00:00,2556,78.2,77.8,2020-12-16
00:00:00,897,78.8,78.8,2020-12-17
00:00:00,143,79,78,2020-12-18
00:00:00,132,78,77.4,2020-12-21
00:00:00,26,76.2,78,2020-12-22
00:00:00,34,77.8,77,2020-12-23
00:00:00,50,77.6,77,2020-12-24
00:00:00,97,76.6,77.6,2020-12-25
00:00:00,640,78,77.2,2020-12-28
00:00:00,349,77.8,76.2,2020-12-29
00:00:00,104,78,77.8,2020-12-30
00:00:00,63,78.2,78.8,2021-01-04
00:00:00,163,79,79.6,2021-01-05
00:00:00,140,80,79.2,2021-01-06
00:00:00,559,79.2,78.8,2021-01-08
00:00:00,169,78,78.2,2021-01-11
00:00:00,268,78.8,78.8,2021-01-12
00:00:00,125,79,79,2021-01-13
00:00:00,42,78.2,78,2021-01-14
00:00:00,612,79.2,78.8,2021-01-15
00:00:00,192,79.6,78.4,2021-01-18
00:00:00,14,79.2,78.8,2021-01-19
00:00:00,134,79,79,2021-01-20
00:00:00,149,78.4,77.2,2021-01-21
00:00:00,185,77.2,77.8,2021-01-22
00:00:00,852,78.6,79.8,2021-01-25
00:00:00,921,82,80,2021-01-26
00:00:00,1002,79.2,79.4,2021-01-27
00:00:00,228,78.2,80.8,2021-01-28
00:00:00,443,80.8,78.8,2021-01-29
00:00:00,1202,78.4,79,2021-02-01
00:00:00,419,79.8,79,2021-02-02
00:00:00,74,81.6,79,2021-02-03
00:00:00,110,78.2,79.6,2021-02-04
00:00:00,193,79,80,2021-02-05
00:00:00,719,79.2,80,2021-02-08
00:00:00,229,79.6,79.4,2021-02-09
00:00:00,99,78.4,79.4,2021-02-10
00:00:00,39,79,79.4,2021-02-11
00:00:00,147,78.4,78.4,2021-02-12
00:00:00,95,78.4,79.2,2021-02-15
00:00:00,25,79.6,79.2,2021-02-16
00:00:00,27,79.4,78.8,2021-02-17
00:00:00,126,78.6,78.4,2021-02-18
00:00:00,165,78.8,78.6,2021-02-19
00:00:00,535,78.8,78,2021-02-20
00:00:00,527,78.2,78.6,2021-02-22
00:00:00,36,78,78.8,2021-02-24
00:00:00,141,79,79,2021-02-25
00:00:00,146,79.2,78.8,2021-02-26
00:00:00,70,80,78.6,2021-03-01
00:00:00,64,79,78.4,2021-03-02
00:00:00,228,78.4,79.2,2021-03-03
00:00:00,218,79.6,79.2,2021-03-04
00:00:00,243,78.8,79,2021-03-05
00:00:00,175,80,79,2021-03-09
00:00:00,167,80,79.2,2021-03-10
00:00:00,156,79.2,79.4,2021-03-11
00:00:00,748,79,78.4,2021-03-12
00:00:00,126,78.8,78.4,2021-03-15
00:00:00,83,78.4,78.4,2021-03-16
00:00:00,57,79,78.6,2021-03-17
00:00:00,25,78.8,78.8,2021-03-18
00:00:00,34,79,78.8,2021-03-19
00:00:00,22,78.8,78.4,2021-03-22
00:00:00,45,78.8,78.4,2021-03-23
00:00:00,84,78.2,77.4,2021-03-24
00:00:00,1919,77.6,78.4,2021-03-25
00:00:00,378,79,78.2,2021-03-26
00:00:00,193,78.4,79.4,2021-03-29
00:00:00,561,78.8,78.4,2021-03-30
00:00:00,111,79,79.8,2021-03-31
00:00:00,383,78.6,79,2021-04-01
00:00:00,115,79.6,78.8,2021-04-02
00:00:00,1553,79.8,80.8,2021-04-05
00:00:00,1115,81,78.8,2021-04-06
00:00:00,217,78.2,79,2021-04-07
00:00:00,117,78.6,79,2021-04-08
00:00:00,120,78.8,79.6,2021-04-09
00:00:00,145,79.4,79.8,2021-04-12
00:00:00,39,79.6,79.6,2021-04-13
00:00:00,317,79.2,79.8,2021-04-14
00:00:00,10,79.8,79.8,2021-04-15
00:00:00,39,79.4,79,2021-04-16
00:00:00,68,79.2,79.8,2021-04-19
00:00:00,89,80,78.6,2021-04-20
00:00:00,32,78.2,79,2021-04-21
00:00:00,25,79.4,79,2021-04-22
00:00:00,173,78.8,79.2,2021-04-23
00:00:00,186,79.6,79.4,2021-04-26
00:00:00,36,79.4,79.2,2021-04-27
00:00:00,13,79,78.8,2021-04-28
00:00:00,6,79,78.8,2021-04-29
00:00:00,13,79,78.8,2021-04-30
00:00:00,82,79.4,79,2021-05-04
00:00:00,105,78.4,78.8,2021-05-05
00:00:00,53,80,79.2,2021-05-06
00:00:00,44,79.2,78.8,2021-05-07
00:00:00,224,80.2,79.4,2021-05-10
00:00:00,25,78.4,79.4,2021-05-11
00:00:00,39,78.6,79.4,2021-05-12
00:00:00,4650,79.4,83.6,2021-05-13
00:00:00,1481,85,81.6,2021-05-14
00:00:00,761,82,81.2,2021-05-17
00:00:00,735,81.6,81.2,2021-05-18
00:00:00,292,82,79.2,2021-05-19
00:00:00,464,79.8,79.6,2021-05-20
00:00:00,225,78.8,79.6,2021-05-21
00:00:00,184,79.8,79.2,2021-05-24
00:00:00,109,79.2,79,2021-05-25
00:00:00,23,79,79.6,2021-05-26
00:00:00,33,79,79.4,2021-05-27
00:00:00,1320,79.8,78.4,2021-05-28
00:00:00,185,79,79,2021-05-31
00:00:00,7,79,79,2021-06-01
00:00:00,25,79,79,2021-06-02
00:00:00,621,78.4,79.6,2021-06-03
00:00:00,75,79.6,79,2021-06-04
00:00:00,85,78.6,78.8,2021-06-07
00:00:00,104,78.6,78.6,2021-06-08
00:00:00,55,79.2,78.6,2021-06-09
00:00:00,53,79.2,78.6,2021-06-10
00:00:00,38,79,78.8,2021-06-11
00:00:00,9,79.4,79,2021-06-14
00:00:00,236,79,78.6,2021-06-15
00:00:00,523,78.6,78.4,2021-06-16
00:00:00,232,78.6,78.4,2021-06-17
00:00:00,71,78.8,78.8,2021-06-18
00:00:00,27,78.8,78.8,2021-06-21
00:00:00,16,78.8,78.4,2021-06-22
00:00:00,19,79,78.8,2021-06-23
00:00:00,26,78.4,78,2021-06-24
00:00:00,83,78.4,78.8,2021-06-25
00:00:00,104,78.4,78,2021-06-28
00:00:00,17,78.2,78.4,2021-06-29
00:00:00,12,78,78.6,2021-06-30
00:00:00,48,78.8,78,2021-07-01
00:00:00,9,78.4,78,2021-07-02
00:00:00,36,78.2,78,2021-07-05
00:00:00,10,78.4,78,2021-07-06
00:00:00,43,78.2,78.2,2021-07-07
00:00:00,117,78.6,78.2,2021-07-08
00:00:00,145,77.6,78,2021-07-09
00:00:00,30,78,78,2021-07-12
00:00:00,27,78.8,77.6,2021-07-13
00:00:00,32,78.6,77.8,2021-07-14
00:00:00,5,77.6,78,2021-07-15
00:00:00,85,78.2,78,2021-07-16
00:00:00,247,78.2,76.6,2021-07-19
00:00:00,22,77.4,77,2021-07-20
00:00:00,14,77.6,77.6,2021-07-21
00:00:00,111,77,78.2,2021-07-22
00:00:00,255,78.4,78.8,2021-07-23
00:00:00,738,78,78.4,2021-07-26
00:00:00,133,78.4,79,2021-07-27
00:00:00,15,79.2,79.2,2021-07-28
00:00:00,5,78.8,78.8,2021-07-29
00:00:00,100,79,78.4,2021-07-30
00:00:00,15,79,78.8,2021-08-02
00:00:00,91,79,79,2021-08-03
00:00:00,82,79.6,79.4,2021-08-04
00:00:00,32,78.6,79.4,2021-08-05
00:00:00,16,79.4,79.2,2021-08-06
00:00:00,224,78.8,79.4,2021-08-09
00:00:00,95,79.2,79,2021-08-10
00:00:00,63,78.6,78.6,2021-08-11
00:00:00,83,78.6,79.4,2021-08-12
00:00:00,144,79,78.8,2021-08-13
00:00:00,13,78.6,79,2021-08-16
00:00:00,23,78.4,79,2021-08-17
00:00:00,177,78.4,78.4,2021-08-18
00:00:00,62,78.2,78,2021-08-19
00:00:00,49,78,78,2021-08-20
00:00:00,58,78.4,78,2021-08-23
00:00:00,193,78.6,79.4,2021-08-24
00:00:00,980,79.6,80.6,2021-08-25
00:00:00,1909,81,79.2,2021-08-26
00:00:00,118,79.2,79.6,2021-08-27
00:00:00,122,79.6,79.2,2021-08-30
00:00:00,32,79.2,79.2,2021-08-31
00:00:00,110,79.2,79,2021-09-01
00:00:00,388,78.6,79,2021-09-02
00:00:00,41,79,79,2021-09-03
00:00:00,149,78.8,78.6,2021-09-06
00:00:00,85,78.6,78.6,2021-09-07
00:00:00,88,78,78.4,2021-09-08
00:00:00,18,78.4,78.4,2021-09-09
00:00:00,162,78.4,78.8,2021-09-10
00:00:00,43,78.4,78.4,2021-09-13
00:00:00,123,77.8,77.8,2021-09-14
00:00:00,60,78.4,77.8,2021-09-15
00:00:00,15,77.8,78.4,2021-09-16
00:00:00,120,77.8,78,2021-09-17
00:00:00,23,78.2,78.4,2021-09-20
00:00:00,45,78.4,78,2021-09-21
00:00:00,18,78,78,2021-09-22
00:00:00,45,78,78,2021-09-23
00:00:00,77,77.8,77.8,2021-09-24
00:00:00,740,78.6,78.2,2021-09-27
00:00:00,5127,78.4,79.6,2021-09-28
00:00:00,1318,79.2,77.8,2021-09-29
00:00:00,424,78,79.2,2021-09-30
00:00:00,367,79.4,78,2021-10-01
00:00:00,1332,78,80,2021-10-04
00:00:00,1148,80,82,2021-10-05
00:00:00,177,79.8,82,2021-10-06
00:00:00,194,81.2,81.2,2021-10-07
00:00:00,91,81.2,82.8,2021-10-08
00:00:00,94,83.6,82,2021-10-11
00:00:00,66,79.8,81.4,2021-10-12
00:00:00,257,80,79.6,2021-10-13
00:00:00,1608,81.2,81.6,2021-10-14
00:00:00,988,80,80.6,2021-10-15
00:00:00,128,81.4,80.2,2021-10-18
00:00:00,251,80.2,79.8,2021-10-19
00:00:00,430,79.8,80.4,2021-10-20
00:00:00,171,80.4,80.2,2021-10-21
00:00:00,145,80,80.4,2021-10-22
00:00:00,68,79.2,80.2,2021-10-25
00:00:00,19,80.2,80.2,2021-10-26
00:00:00,25,80.2,79.8,2021-10-27
00:00:00,23,79.2,79.2,2021-10-28
00:00:00,33,80.2,79,2021-10-29
00:00:00,26,78.8,79.2,2021-11-01
00:00:00,58,79.4,80.2,2021-11-02
00:00:00,59,80.2,79.8,2021-11-03
00:00:00,47,79.8,79.2,2021-11-05
00:00:00,87,79,79.8,2021-11-08
00:00:00,249,79.6,79.2,2021-11-09
00:00:00,18,79,79.2,2021-11-10
00:00:00,60,79.2,79,2021-11-11
00:00:00,156,79.6,79.4,2021-11-12
00:00:00,112,79.2,79.6,2021-11-15
00:00:00,23,80,79.6,2021-11-16
00:00:00,494,79.4,78.6,2021-11-17
00:00:00,2540,78.8,78.4,2021-11-18
00:00:00,172,78.8,78.8,2021-11-19
00:00:00,112,78.2,78,2021-11-22
00:00:00,177,78,78,2021-11-23
00:00:00,77,77.8,78,2021-11-24
00:00:00,14,78.2,78.2,2021-11-25
00:00:00,99,77.8,77.2,2021-11-26
00:00:00,221,76.8,77.2,2021-11-29
00:00:00,13,77.4,77.4,2021-11-30
00:00:00,15,77.2,77.8,2021-12-01
00:00:00,12,77.4,77.8,2021-12-02
00:00:00,16,78,77.2,2021-12-03
00:00:00,15,77,77.2,2021-12-06
00:00:00,18,76.8,77.4,2021-12-07
00:00:00,38,77.2,77,2021-12-08
00:00:00,67,77,76.6,2021-12-09
00:00:00,20,76.2,76,2021-12-10
00:00:00,140,76.2,75.2,2021-12-13
00:00:00,18,75.6,75,2021-12-14
00:00:00,19,75,75.6,2021-12-15
00:00:00,26,76.4,77.6,2021-12-16
00:00:00,10,76.6,76,2021-12-17
00:00:00,37,76,76,2021-12-20
00:00:00,8,75.6,75.6,2021-12-21
00:00:00,70,76,75.2,2021-12-22
00:00:00,21,74.6,75,2021-12-23
00:00:00,57,74.2,74,2021-12-24
00:00:00,158,75.2,76.8,2021-12-27
00:00:00,415,76.8,74.4,2021-12-28
00:00:00,17,76,74.8,2021-12-29
00:00:00,19,75,76,2021-12-30
00:00:00,15,76.2,75.6,2022-01-03
00:00:00,179,76.4,76,2022-01-04
00:00:00,77,77,76,2022-01-05
00:00:00,15,76.6,75.8,2022-01-06
00:00:00,52,75.6,76.6,2022-01-10
00:00:00,54,76.4,75,2022-01-11
00:00:00,17,75.8,76,2022-01-12
00:00:00,13,75.6,75.4,2022-01-13
00:00:00,84,75.6,75.8,2022-01-14
00:00:00,72,75.6,74.4,2022-01-17
00:00:00,348,74.2,72.6,2022-01-18
00:00:00,245,72.4,74.8,2022-01-19
00:00:00,69,75.6,73.6,2022-01-20
00:00:00,67,74,74.2,2022-01-21
00:00:00,149,74,71.6,2022-01-24
00:00:00,65,70.2,71.8,2022-01-25
00:00:00,145,71.4,72.2,2022-01-26
00:00:00,101,72.4,74.4,2022-01-27
00:00:00,10,76.2,74,2022-01-28
00:00:00,8,74,74.8,2022-01-31
00:00:00,5,75,75,2022-02-01
00:00:00,75,74.2,73.6,2022-02-02
00:00:00,21,73.6,73.2,2022-02-03
00:00:00,47,72.6,73.4,2022-02-04
00:00:00,39,73.4,73.2,2022-02-07
00:00:00,40,73,73.4,2022-02-08
00:00:00,26,72.8,74,2022-02-09
00:00:00,46,74.2,74,2022-02-10
00:00:00,22,73.8,73.2,2022-02-11
00:00:00,38,72.4,73.4,2022-02-14
00:00:00,7,73.4,73.2,2022-02-15
00:00:00,54,73,74.6,2022-02-16
00:00:00,43,75,74,2022-02-17
00:00:00,17,73.8,73.6,2022-02-18
00:00:00,174,74.4,69.8,2022-02-21
00:00:00,327,69.8,67.6,2022-02-22
00:00:00,387,50,57.8,2022-02-24
00:00:00,841,65,68.6,2022-02-25
00:00:00,186,68.6,67,2022-03-28
00:00:00,196,67.8,66.6,2022-03-29
00:00:00,220,58,73.2,2022-03-30
00:00:00,572,77,75,2022-03-31
00:00:00,359,75,75.4,2022-04-01
00:00:00,144,74.6,74.2,2022-04-04
00:00:00,69,73.4,72,2022-04-05
00:00:00,643,71.4,69,2022-04-06
00:00:00,79,67,68.6,2022-04-07
00:00:00,183,68.4,68.4,2022-04-08
00:00:00,5495,75.2,95.4,2022-04-11
00:00:00,7971,104.8,133.4,2022-04-12
00:00:00,6723,146.6,146.6,2022-04-13
00:00:00,2080,161,161,2022-04-14
00:00:00,845,176.6,176.6,2022-04-15
00:00:00,11833,111,112.6,2022-05-24
00:00:00,6599,113,112,2022-05-25
00:00:00,1943,112.4,108.6,2022-05-26
00:00:00,751,108,103,2022-05-27
00:00:00,3276,102.2,112.8,2022-05-30
00:00:00,4521,113.2,106.6,2022-05-31
00:00:00,1257,104.2,105.2,2022-06-01
00:00:00,1248,106,100.6,2022-06-02
00:00:00,1168,100.2,98,2022-06-03
00:00:00,395,100,99.8,2022-06-06
00:00:00,565,100.4,99,2022-06-07
00:00:00,428,99.4,100.8,2022-06-08
00:00:00,971,102,100,2022-06-09
00:00:00,495,100.6,99.2,2022-06-10
00:00:00,947,98.8,102.6,2022-06-14
00:00:00,420,102.8,104,2022-06-15
00:00:00,721,104,105.2,2022-06-16
00:00:00,341,103.4,104.6,2022-06-17
00:00:00,15242,106.4,114,2022-06-20
00:00:00,2071,114.8,111,2022-06-21
00:00:00,1230,112,111.4,2022-06-22
00:00:00,381,113.8,111.6,2022-06-23
00:00:00,99,112.2,111,2022-06-24
00:00:00,354,111.8,111.4,2022-06-27
00:00:00,283,111.2,111.8,2022-06-28
00:00:00,197,111.6,110.8,2022-06-29
00:00:00,548,111.2,111,2022-06-30
00:00:00,181,110.8,111.4,2022-07-01
00:00:00,33,111.6,111,2022-07-04
00:00:00,93,111.6,111,2022-07-05
00:00:00,65,111,110.8,2022-07-06
00:00:00,48,111.6,111.2,2022-07-07
00:00:00,208,111,111.2,2022-07-08
00:00:00,203,111,111.2,2022-07-11
00:00:00,86,111,111,2022-07-12
00:00:00,60,111.2,111.4,2022-07-13
00:00:00,1409,111.2,111.2,2022-07-14
00:00:00,72,111,111,2022-07-15
00:00:00,45,111.2,111,2022-07-18
00:00:00,43,111.2,111.4,2022-07-19
00:00:00,17,111.2,111.2,2022-07-20
00:00:00,69,111.2,111.6,2022-07-21
00:00:00,182,111.8,111.6,2022-07-22
00:00:00,111,111.4,111.2,2022-07-25
00:00:00,37,111.2,111.4,2022-07-26
00:00:00,76,111.2,111.2,2022-07-27
00:00:00,57,111,111.2,2022-07-28
00:00:00,45,111.8,111.2,2022-07-29
00:00:00,105,111.4,111.6,2022-08-01
00:00:00,447,112,111,2022-08-02
00:00:00,17,111.2,111.2,2022-08-03
00:00:00,33,111.2,111.2,2022-08-04
00:00:00,30,112,112,2022-08-05
00:00:00,32,111.4,111.4,2022-08-08
00:00:00,12,111.6,111.8,2022-08-09
00:00:00,5,112,112,2022-08-10
00:00:00,48,111.6,111.2,2022-08-11
00:00:00,18,111.6,112.2,2022-08-12
00:00:00,554,112.6,112.2,2022-08-15
00:00:00,139,112.2,112.6,2022-08-16
00:00:00,30,112.4,112.4,2022-08-17
00:00:00,754,112.6,112.2,2022-08-18
00:00:00,171,112,112.6,2022-08-19
00:00:00,38,112.4,112.4,2022-08-22
00:00:00,49,113,112.2,2022-08-23
00:00:00,54,112.4,113,2022-08-24
00:00:00,35,113,112.8,2022-08-25
00:00:00,23,112.6,112.8,2022-08-26
00:00:00,3608,113,113.8,2022-08-29
00:00:00,132,113.6,113.8,2022-08-30
00:00:00,21,113.4,113.8,2022-08-31
00:00:00,63,113.6,113.4,2022-09-01
00:00:00,811,113.4,113,2022-09-02
00:00:00,61,113.2,112.8,2022-09-05
00:00:00,1311,112.8,112,2022-09-06
00:00:00,15,113.6,112.2,2022-09-07
00:00:00,260,111.4,114,2022-09-08
00:00:00,195,114,114,2022-09-09
00:00:00,76,112.8,112.4,2022-09-12
00:00:00,196,113,112.8,2022-09-13
00:00:00,12019,112.6,105,2022-09-14
00:00:00,3104,106,103.2,2022-09-15
00:00:00,2872,103.4,100.2,2022-09-16
00:00:00,2297,102.2,101.6,2022-09-19
00:00:00,701,102.4,101.8,2022-09-20
00:00:00,455,101.4,101.2,2022-09-21
00:00:00,361,100.6,101.6,2022-09-22
00:00:00,150,101.8,101.4,2022-09-23
00:00:00,168,100.8,100,2022-09-26
00:00:00,346,98.4,97,2022-09-27
00:00:00,106,96.8,97.2,2022-09-28
00:00:00,82,97.4,97.8,2022-09-29
00:00:00,537,91.2,94.6,2022-09-30
00:00:00,162,91.2,97,2022-10-03
00:00:00,109,98.8,94,2022-10-04
00:00:00,27,94.6,93.6,2022-10-05
00:00:00,12,93.6,94.2,2022-10-06
00:00:00,18,95.8,95,2022-10-07
00:00:00,33,94.8,93.6,2022-10-10
00:00:00,14,91.4,94,2022-10-11
00:00:00,43,94,98,2022-10-12
00:00:00,152,95.6,96,2022-10-13
00:00:00,12,95,97,2022-10-14
00:00:00,96,96.2,97,2022-10-17
00:00:00,75,95.6,96.6,2022-10-18
00:00:00,65,96.2,95.6,2022-10-19
00:00:00,81,95.8,95.2,2022-10-20
00:00:00,29,95.2,95.2,2022-10-21
00:00:00,66,95,95.4,2022-10-24
00:00:00,22,95.6,96,2022-10-25
00:00:00,96,95.4,95.4,2022-10-26
00:00:00,402,95.2,95,2022-10-27
00:00:00,105,94.2,93.8,2022-10-28
00:00:00,281,94.4,95.6,2022-10-31
00:00:00,210,95.6,97,2022-11-01
00:00:00,26,96,96.8,2022-11-02
00:00:00,2780,96.4,100.8,2022-11-03
00:00:00,1067,101,103.2,2022-11-07
00:00:00,1016,102.6,104.4,2022-11-08
00:00:00,301,103.2,102.6,2022-11-09
00:00:00,1711,102.8,105.8,2022-11-10
00:00:00,417,104.6,104,2022-11-11
00:00:00,194,101.4,105.4,2022-11-14
00:00:00,273,105.8,105,2022-11-15
00:00:00,256,105.8,104.2,2022-11-16
00:00:00,418,102,106.4,2022-11-17
00:00:00,10,105.8,105.8,2022-11-18
00:00:00,1050,105.6,106,2022-11-21
00:00:00,546,107.4,107.2,2022-11-22
00:00:00,38,107,107,2022-11-23
00:00:00,92,106.6,107.4,2022-11-24
00:00:00,111,107.6,107.6,2022-11-25
00:00:00,109,107,107,2022-11-28
00:00:00,30,107.6,107.4,2022-11-29
00:00:00,175,107.6,107.6,2022-11-30
00:00:00,44,107.2,106.8,2022-12-01
00:00:00,51,106.8,107,2022-12-02
00:00:00,138,107,107.4,2022-12-05
00:00:00,238,107.2,107,2022-12-06
00:00:00,438,107.4,107,2022-12-07
00:00:00,113,106.8,107.2,2022-12-08
00:00:00,1236,107.2,107.2,2022-12-09
00:00:00,5,107,107.2,2022-12-12
00:00:00,135,107.2,107.2,2022-12-13
00:00:00,299,107.8,108,2022-12-14
00:00:00,310,107.4,107.8,2022-12-15
00:00:00,142,107.8,107.6,2022-12-16
00:00:00,232,108.2,108,2022-12-19
00:00:00,481,108,108,2022-12-20
00:00:00,1022,108.2,108.2,2022-12-21
00:00:00,21,107.4,108,2022-12-22
00:00:00,208,108,107.6,2022-12-23
00:00:00,2131,108,107.8,2022-12-26
00:00:00,2461,108.6,107.8,2022-12-27
00:00:00,259,107.4,107.8,2022-12-28
00:00:00,154,107.8,107.8,2022-12-29
00:00:00,10987,107.6,108,2022-12-30
00:00:00,52,108.2,108.8,2023-01-03
00:00:00,370,109,108.4,2023-01-04
00:00:00,278,108.4,108,2023-01-05
00:00:00,51,109,109,2023-01-06
00:00:00,21,108.8,109.6,2023-01-09
00:00:00,51,109.4,109.4,2023-01-10
00:00:00,1062,108.8,109,2023-01-11
00:00:00,35,108,108.6,2023-01-12
00:00:00,373,108.4,108.8,2023-01-13
00:00:00,75,109.4,109.8,2023-01-16
00:00:00,154,109.2,110,2023-01-17
00:00:00,82,109.4,109.4,2023-01-18
00:00:00,781,109.8,110.4,2023-01-19
00:00:00,550,110.4,111,2023-01-20
00:00:00,234,110.2,110.4,2023-01-23
00:00:00,64,110,110.2,2023-01-24
00:00:00,52,110.6,110,2023-01-25
00:00:00,46,110.6,109.6,2023-01-26
00:00:00,68,109.8,110.2,2023-01-27
00:00:00,243,110.6,110.6,2023-01-30
00:00:00,202,110.4,109.8,2023-01-31
00:00:00,192,109.8,110.2,2023-02-01
00:00:00,24,109.8,110.2,2023-02-02
00:00:00,24,109.6,110.6,2023-02-03
00:00:00,991,110.8,111,2023-02-06
00:00:00,536,110.8,110.8,2023-02-07
00:00:00,1098,110,113.8,2023-02-08
00:00:00,21856,127.8,163.6,2023-02-09
00:00:00,15809,180,228.8,2023-02-10
00:00:00,116135,251.4,137.2,2023-02-13
00:00:00,149816,137.4,114,2023-02-14
00:00:00,83359,115.6,105.2,2023-02-15
00:00:00,21961,105.4,105.8,2023-02-16
00:00:00,6025,106.4,104.4,2023-02-17
00:00:00,29274,105,109.6,2023-02-20
00:00:00,64070,110,111.2,2023-02-21
00:00:00,7184,111.2,111,2023-02-22
00:00:00,8409,111,110,2023-02-24
00:00:00,12102,105.4,110.6,2023-02-27
00:00:00,4464,110.8,109.6,2023-02-28
00:00:00,7666,111,108.8,2023-03-01
00:00:00,8684,110,108.2,2023-03-02
00:00:00,58214,110.2,113,2023-03-03
00:00:00,26890,114,116.4,2023-03-06
00:00:00,15305,116.8,118.8,2023-03-07
00:00:00,25844,118.8,120,2023-03-09
00:00:00,6997,119.6,118.2,2023-03-10
00:00:00,15195,118.2,114.4,2023-03-13
00:00:00,12428,115,111.8,2023-03-14
00:00:00,7675,111.2,111.4,2023-03-15
00:00:00,3579,112,111,2023-03-16
00:00:00,11910,111.6,113.6,2023-03-17
00:00:00,13003,114,115.2,2023-03-20
00:00:00,14013,115.2,112.8,2023-03-21
00:00:00,10101,113.4,114.6,2023-03-22
00:00:00,4997,115.2,113,2023-03-23
00:00:00,10389,113.6,114.6,2023-03-24
00:00:00,78071,114.8,121.8,2023-03-27
00:00:00,13997,123.2,119.6,2023-03-28
00:00:00,14176,120.8,117,2023-03-29
00:00:00,10617,116,118.6,2023-03-30
00:00:00,6666,118.2,117.8,2023-03-31
00:00:00,14149,118,118.2,2023-04-03
00:00:00,29043,119.4,118.4,2023-04-04
00:00:00,12354,118.6,117.4,2023-04-05
00:00:00,11858,117.6,118.6,2023-04-06
00:00:00,8190,118.8,117.6,2023-04-07
00:00:00,7787,118,118,2023-04-10
00:00:00,27494,118,114.2,2023-04-11
00:00:00,9205,114.4,113.8,2023-04-12
00:00:00,8854,114.2,113.2,2023-04-13
00:00:00,9335,112.6,114.2,2023-04-14
00:00:00,8135,115,114.2,2023-04-17
00:00:00,6555,114.2,113.6,2023-04-18
00:00:00,14003,114,113,2023-04-19
00:00:00,16021,113.2,111,2023-04-20
00:00:00,15230,112,111.6,2023-04-21
00:00:00,19090,113,111,2023-04-24
00:00:00,18055,111.6,109.2,2023-04-25
00:00:00,14304,110.8,109.4,2023-04-26
00:00:00,49554,110.4,110.6,2023-04-27
00:00:00,29546,111.2,108.8,2023-04-28
00:00:00,17488,109.2,106.4,2023-05-02
00:00:00,11112,106.6,103.8,2023-05-03
00:00:00,9505,103.8,102.4,2023-05-04
00:00:00,4622,103.2,102.4,2023-05-05
00:00:00,2548,102.6,102.8,2023-05-08
00:00:00,6996,102.8,103.8,2023-05-10
00:00:00,6954,104.2,105,2023-05-11
00:00:00,7289,105,104.8,2023-05-12
00:00:00,6396,105,104.6,2023-05-15
00:00:00,5295,103.8,104,2023-05-16
00:00:00,6198,104.4,104.4,2023-05-17
00:00:00,17038,104.8,102.4,2023-05-18
00:00:00,7025,101.4,102.6,2023-05-19
00:00:00,6676,103,102.6,2023-05-22
00:00:00,5048,103.2,102,2023-05-23
00:00:00,7600,103,101.2,2023-05-24
00:00:00,3497,101.8,101.6,2023-05-25
00:00:00,4380,101.6,101.8,2023-05-26
00:00:00,15321,102,102,2023-05-29
00:00:00,23792,101,100.8,2023-05-30
00:00:00,12192,101.6,101.4,2023-05-31
00:00:00,9427,101.8,102.4,2023-06-01
00:00:00,20368,103.2,104.4,2023-06-02
00:00:00,20305,105.6,103.8,2023-06-05
00:00:00,12708,101.6,104,2023-06-06
00:00:00,22014,103.6,104.8,2023-06-07
00:00:00,29131,101.4,103,2023-06-08
00:00:00,32040,103.6,102,2023-06-09
00:00:00,15278,102,102.2,2023-06-13
00:00:00,14454,102.8,101.4,2023-06-14
00:00:00,11144,102.6,101.8,2023-06-15
00:00:00,6165,102.2,101.8,2023-06-16
00:00:00,8499,102,102,2023-06-19
00:00:00,13226,102,101.4,2023-06-20
00:00:00,20487,101.4,100.6,2023-06-21
00:00:00,11648,100.6,101,2023-06-22
00:00:00,9597,101.2,100.2,2023-06-23
00:00:00,11168,100.4,99.8,2023-06-26
00:00:00,11438,99.6,99.8,2023-06-27
00:00:00,6402,99.8,99.8,2023-06-28
00:00:00,6208,99.6,99.2,2023-06-29
00:00:00,5261,99,98.4,2023-06-30
00:00:00,5899,99,98.8,2023-07-03
00:00:00,3662,98.8,99.2,2023-07-04
00:00:00,4071,98.8,99.4,2023-07-05
00:00:00,5846,100,99.6,2023-07-06
00:00:00,2122,100.2,99.2,2023-07-07
00:00:00,8489,99.2,99,2023-07-10
00:00:00,9431,99,100,2023-07-11
00:00:00,11583,100.2,100.4,2023-07-12
00:00:00,3924,100.6,100,2023-07-13
00:00:00,3489,100.2,100.4,2023-07-14
00:00:00,5042,99.6,99.6,2023-07-17
00:00:00,9778,99.8,100.4,2023-07-18
00:00:00,60787,100.6,104,2023-07-19
00:00:00,53905,105.8,103.4,2023-07-20
00:00:00,12690,103.4,103,2023-07-21
00:00:00,8808,103.2,103.8,2023-07-24
00:00:00,26330,104,105,2023-07-25
00:00:00,40176,105.8,107.2,2023-07-26
00:00:00,43990,108,107.6,2023-07-27
00:00:00,12784,108,107.2,2023-07-28
00:00:00,13548,107,107.4,2023-07-31
00:00:00,23058,107.6,105.6,2023-08-01
00:00:00,23704,105.6,106.2,2023-08-02
00:00:00,23840,106.2,106.6,2023-08-03
00:00:00,26709,107.6,104,2023-08-04
00:00:00,19430,104.8,104.6,2023-08-07
00:00:00,19408,104.6,104,2023-08-08
00:00:00,13962,104.6,104.4,2023-08-09
00:00:00,30427,104,105.8,2023-08-10
00:00:00,29203,106.2,107,2023-08-11
00:00:00,31672,107.6,104,2023-08-14
00:00:00,26880,103.2,103.6,2023-08-15
00:00:00,80624,104,107,2023-08-16
00:00:00,141174,109.8,108.4,2023-08-17
00:00:00,38270,108.8,105.8,2023-08-18
00:00:00,32390,107,108,2023-08-21
00:00:00,24725,109.4,108.4,2023-08-22
00:00:00,28712,107.4,106.2,2023-08-23
00:00:00,16140,105.2,106.6,2023-08-24
00:00:00,22040,106.8,105.4,2023-08-25
00:00:00,19688,105.4,105.4,2023-08-28
00:00:00,17603,105.4,105.6,2023-08-29
00:00:00,18437,105.4,105.4,2023-08-30
00:00:00,38544,105.4,107,2023-08-31
00:00:00,20595,107.2,106.8,2023-09-01
00:00:00,77420,106.8,112.2,2023-09-04
00:00:00,53321,113,110.2,2023-09-05
00:00:00,13999,110.4,108.8,2023-09-06
00:00:00,36924,109,107.6,2023-09-07
00:00:00,21351,107.6,107.2,2023-09-08
00:00:00,12719,107.2,105.8,2023-09-11
00:00:00,12537,105.8,108,2023-09-12
00:00:00,15356,108.4,106,2023-09-13
00:00:00,38742,106,102.8,2023-09-14
00:00:00,6838,103,103.8,2023-09-15
00:00:00,9991,103.8,103,2023-09-18
00:00:00,16498,103.6,100,2023-09-19
00:00:00,12304,99.6,101.2,2023-09-20
00:00:00,12587,101.6,98.6,2023-09-21
00:00:00,6779,99,100,2023-09-22
00:00:00,1634,100.6,100.6,2023-09-25
00:00:00,4813,100.4,101.8,2023-09-26
00:00:00,4720,102,101.6,2023-09-27
00:00:00,7012,102.6,102.8,2023-09-28
00:00:00,5922,103.2,101.4,2023-09-29
00:00:00,7732,101.4,100.2,2023-10-02
00:00:00,11551,100.8,99.6,2023-10-03
00:00:00,4639,99,99.6,2023-10-04
00:00:00,5954,99.8,100.2,2023-10-05
00:00:00,2635,100.4,100.2,2023-10-06
00:00:00,3934,101.2,100.6,2023-10-09
00:00:00,2439,100.6,100.4,2023-10-10
00:00:00,4898,100.8,100.4,2023-10-11
00:00:00,6178,100,100.4,2023-10-12
00:00:00,7641,100.2,100.2,2023-10-13
00:00:00,7701,100.4,101.4,2023-10-16
00:00:00,7304,101.6,101,2023-10-17
00:00:00,2823,101.2,100.8,2023-10-18
00:00:00,3053,100.8,100,2023-10-19
00:00:00,11706,100.2,100,2023-10-20
00:00:00,5395,100,100,2023-10-23
00:00:00,5990,100.2,99.8,2023-10-24
00:00:00,7293,100,99.8,2023-10-25
00:00:00,12566,99.8,99.2,2023-10-26
00:00:00,5006,99.8,99.2,2023-10-27
00:00:00,3376,99.2,98.8,2023-10-30
00:00:00,5122,98.8,98,2023-10-31
00:00:00,7127,98.4,98.2,2023-11-01
00:00:00,5169,98.2,98.4,2023-11-02
00:00:00,9340,98,98,2023-11-03
00:00:00,8419,98.2,100,2023-11-06
00:00:00,8616,100,99.8,2023-11-07
00:00:00,13911,99.8,101.8,2023-11-08
00:00:00,5437,102,101.2,2023-11-09
00:00:00,5788,101.2,100,2023-11-10
00:00:00,23513,100.4,103.2,2023-11-13
00:00:00,17353,104,99.8,2023-11-14
00:00:00,7303,99.2,101.2,2023-11-15
00:00:00,7854,100.2,100.8,2023-11-16
00:00:00,7906,100.2,100,2023-11-17
00:00:00,5161,100.8,100.8,2023-11-20
00:00:00,11311,100.2,100,2023-11-21
00:00:00,8269,100,99.6,2023-11-22
00:00:00,3421,99.6,99.4,2023-11-23
00:00:00,4548,99.4,98.8,2023-11-24
00:00:00,5430,99,98.2,2023-11-27
00:00:00,5945,98.4,98,2023-11-28
00:00:00,2439,97.4,97.8,2023-11-29
00:00:00,5065,97.8,97.2,2023-11-30
00:00:00,4877,97.6,97,2023-12-01
00:00:00,11819,97,93,2023-12-04
00:00:00,9063,93,93.8,2023-12-05
00:00:00,3952,92.6,93.6,2023-12-06
00:00:00,4886,92.8,92.8,2023-12-07
00:00:00,3641,92.8,94.4,2023-12-08
00:00:00,3738,94.4,92.8,2023-12-11
00:00:00,7136,93.2,91.8,2023-12-12
00:00:00,4279,91.4,92,2023-12-13
00:00:00,4086,92,93.6,2023-12-14
00:00:00,6113,93.2,94,2023-12-15
00:00:00,7126,94.8,95.6,2023-12-18
00:00:00,4721,95.6,94.2,2023-12-19
00:00:00,8276,94.6,95.4,2023-12-20
00:00:00,6683,95.4,93.6,2023-12-21
00:00:00,5193,93.6,94.4,2023-12-22
00:00:00,133739,99.6,98.8,2023-12-25
00:00:00,25709,97,97.8,2023-12-26
00:00:00,40873,97.6,99,2023-12-27
00:00:00,9654,99,99,2023-12-28
00:00:00,20965,98.6,102,2023-12-29
00:00:00,10221,102,101,2024-01-03
00:00:00,9426,101.2,100.4,2024-01-04
00:00:00,4348,100.4,100,2024-01-05
00:00:00,16578,100.2,101.8,2024-01-08
00:00:00,13791,101.8,102,2024-01-09
00:00:00,29392,102.6,104,2024-01-10
00:00:00,13808,104,104.2,2024-01-11
00:00:00,15006,104.2,104.2,2024-01-12
00:00:00,30257,103.6,105.8,2024-01-15
00:00:00,20546,105.4,103,2024-01-16
00:00:00,10819,103,102.8,2024-01-17
00:00:00,11106,102.4,102.2,2024-01-18
00:00:00,3970,102,101.8,2024-01-19
00:00:00,9580,102.2,102.4,2024-01-22
00:00:00,3506,102.4,103.2,2024-01-23
00:00:00,10428,103,102.2,2024-01-24
00:00:00,9563,102.4,103.8,2024-01-25
00:00:00,4343,103.6,103.2,2024-01-26
00:00:00,5086,103.4,101.8,2024-01-29
00:00:00,13209,102,101.4,2024-01-30
00:00:00,6792,101.4,101.8,2024-01-31
00:00:00,12810,101.8,104.6,2024-02-01
00:00:00,8430,105,103.4,2024-02-02
00:00:00,7842,103,103,2024-02-05
00:00:00,8117,103.2,103.6,2024-02-06
00:00:00,12711,103.2,106,2024-02-07
00:00:00,11326,105.6,105.4,2024-02-08
00:00:00,9791,105.4,104.4,2024-02-09
00:00:00,9768,105,104.2,2024-02-12
00:00:00,1873,104.2,104.4,2024-02-13
00:00:00,9579,104.4,105.6,2024-02-14
00:00:00,7496,105.8,105.2,2024-02-15
00:00:00,67126,105.2,111.2,2024-02-16
00:00:00,106091,112,111.8,2024-02-19
00:00:00,43058,112,107.8,2024-02-20
00:00:00,33764,106.8,101.4,2024-02-21
00:00:00,26198,102,100.2,2024-02-22
00:00:00,17759,101,103.4,2024-02-26
00:00:00,11898,104,102,2024-02-27
00:00:00,10912,102.4,103,2024-02-28
00:00:00,7241,103,103.2,2024-02-29
00:00:00,9700,103.4,103.6,2024-03-01
00:00:00,10608,103.4,104.4,2024-03-04
00:00:00,11845,104.2,105,2024-03-05
00:00:00,5037,105,105,2024-03-06
00:00:00,6489,104.8,104.4,2024-03-07
00:00:00,7657,104.2,104.2,2024-03-11
00:00:00,15196,104.4,106.6,2024-03-12
00:00:00,10614,107.4,106,2024-03-13
00:00:00,219424,106.6,129.4,2024-03-14
00:00:00,490648,142,126,2024-03-15
00:00:00,460703,128.4,138.4,2024-03-18
00:00:00,411218,142,141,2024-03-19
00:00:00,979968,141.4,135.2,2024-03-20
00:00:00,211282,135.8,127,2024-03-21
00:00:00,211036,125.8,118.6,2024-03-22
00:00:00,90304,118,118.4,2024-03-25
00:00:00,72325,119.4,120.4,2024-03-26
00:00:00,60490,121,117.2,2024-03-27
00:00:00,49839,118,116.2,2024-03-28
00:00:00,67125,116.6,118.8,2024-03-29
00:00:00,99243,118.8,124.6,2024-04-01
00:00:00,40503,124.6,123,2024-04-02
00:00:00,25507,123.4,121,2024-04-03
00:00:00,21667,121,122.8,2024-04-04
00:00:00,14897,123.4,122.8,2024-04-05
00:00:00,23054,122.8,122.6,2024-04-08
00:00:00,307053,124.6,126,2024-04-09
00:00:00,67796,127,121.8,2024-04-10
00:00:00,47005,121.4,121.2,2024-04-11
00:00:00,25505,122,120.2,2024-04-12
00:00:00,25214,121,120,2024-04-15
00:00:00,34860,119.8,125.2,2024-04-16
00:00:00,24072,125.4,123.2,2024-04-17
00:00:00,21136,123.6,121.8,2024-04-18
00:00:00,18382,121.8,121.2,2024-04-19
00:00:00,15530,121,122.6,2024-04-22
00:00:00,97761,122.8,127.6,2024-04-23
00:00:00,258624,128,125,2024-04-24
00:00:00,159029,126.4,128.8,2024-04-25
00:00:00,49014,129.8,128.4,2024-04-26
00:00:00,23627,129,127.2,2024-04-27
00:00:00,20442,128.6,127,2024-04-29
00:00:00,13340,127.8,127.2,2024-04-30
00:00:00,20402,127.8,128,2024-05-02
00:00:00,25529,128.2,126.6,2024-05-03
00:00:00,27367,126.6,126,2024-05-06
00:00:00,23973,126,125.6,2024-05-07
00:00:00,49473,126,127.6,2024-05-08
00:00:00,13047,129,126.8,2024-05-10
00:00:00,28582,127.2,126.6,2024-05-13
00:00:00,21504,126.6,124,2024-05-14
00:00:00,25300,124,122.4,2024-05-15
00:00:00,16029,122.4,122.6,2024-05-16
00:00:00,26252,122.2,120.2,2024-05-17
00:00:00,28688,120.8,119.8,2024-05-20
00:00:00,14947,118.4,120.2,2024-05-21
00:00:00,4647,120.2,119.4,2024-05-22
00:00:00,9351,119.6,121.2,2024-05-23
00:00:00,36421,121.2,118,2024-05-24
00:00:00,26934,117.4,114,2024-05-27
00:00:00,12602,114.2,114.8,2024-05-28
00:00:00,92798,114.4,117.2,2024-05-29
00:00:00,66028,119.4,114.8,2024-05-30
00:00:00,28832,114.4,113.2,2024-05-31
00:00:00,33407,114.4,110.8,2024-06-03
00:00:00,12114,111,113.2,2024-06-04
00:00:00,16670,112,113,2024-06-05
00:00:00,5698,113,112,2024-06-06
00:00:00,9138,111.4,112,2024-06-07
00:00:00,10400,111.8,110.4,2024-06-10
00:00:00,12431,110.4,110,2024-06-11
00:00:00,12604,107.4,108.8,2024-06-13
00:00:00,9553,109.2,109.6,2024-06-14
00:00:00,6575,109.8,109,2024-06-17
00:00:00,6428,108.6,107.2,2024-06-18
00:00:00,12351,107.2,104.6,2024-06-19
00:00:00,22370,105,108,2024-06-20
00:00:00,6698,108,106.2,2024-06-21
00:00:00,1620,107.8,105.8,2024-06-24
00:00:00,6545,105.6,105.8,2024-06-25
00:00:00,21437,105.8,105.2,2024-06-26
00:00:00,11428,105.8,106.4,2024-06-27
00:00:00,10749,106.6,105.6,2024-06-28
00:00:00,4406,105.6,106.2,2024-07-01
00:00:00,3380,106.8,106.2,2024-07-02
00:00:00,8608,106.6,106,2024-07-03
00:00:00,13650,106,104.4,2024-07-04
00:00:00,2302,104.8,104.2,2024-07-05
00:00:00,10804,104.2,103.4,2024-07-08
00:00:00,14827,103.4,101.8,2024-07-09
00:00:00,13269,101.6,98.8,2024-07-10
00:00:00,8112,99.4,101.8,2024-07-11
00:00:00,2029,102.2,101,2024-07-12
00:00:00,1663,101.8,101,2024-07-15
00:00:00,2406,100.6,101,2024-07-16
00:00:00,5843,101.6,99.4,2024-07-17
00:00:00,1772,99.6,100,2024-07-18
00:00:00,4399,101,101.2,2024-07-19
00:00:00,5272,102,104.2,2024-07-22
00:00:00,8634,104.6,103,2024-07-23
00:00:00,5230,103.4,101.8,2024-07-24
00:00:00,7138,102,101,2024-07-25
00:00:00,6057,100.6,99.4,2024-07-26
00:00:00,14606,99.4,97,2024-07-29
00:00:00,18638,97.4,99.2,2024-07-30
00:00:00,3210,100,100.6,2024-07-31
00:00:00,5216,101.2,101,2024-08-01
00:00:00,2718,100.8,101.2,2024-08-02
00:00:00,6297,100.4,103,2024-08-05
00:00:00,40456,103,110.8,2024-08-06
00:00:00,12386,111.6,109.2,2024-08-07
00:00:00,9774,110.2,108.4,2024-08-08
00:00:00,1666,109.2,109.6,2024-08-09
00:00:00,7851,109.8,110.6,2024-08-12
00:00:00,7873,111.4,110.2,2024-08-13
00:00:00,2930,110.4,111.2,2024-08-14
00:00:00,1987,111,109.6,2024-08-15
00:00:00,59383,110.2,119.8,2024-08-16
00:00:00,24491,119.8,116.8,2024-08-19
00:00:00,11028,117,116.6,2024-08-20
00:00:00,9743,116.6,117.8,2024-08-21
00:00:00,9383,118.2,116,2024-08-22
00:00:00,25816,115.6,115.4,2024-08-23
00:00:00,6914,116,116.6,2024-08-26
00:00:00,8425,117,116.8,2024-08-27
00:00:00,23851,117,116.8,2024-08-28
00:00:00,5716,116.6,116.8,2024-08-29
00:00:00,23771,116.4,117.2,2024-08-30
00:00:00,20165,117,116,2024-09-02
00:00:00,19897,116.2,116.8,2024-09-03
00:00:00,77350,120.6,120.2,2024-09-04
00:00:00,96791,120.4,122,2024-09-05
00:00:00,78592,122.2,123,2024-09-06
00:00:00,50077,123,123,2024-09-09
00:00:00,22670,123,123,2024-09-10
00:00:00,19829,122.8,123,2024-09-11
00:00:00,18402,123,123.2,2024-09-12
00:00:00,5468,123.2,123.6,2024-09-13
00:00:00,16768,124,123.2,2024-09-16
00:00:00,17292,123.2,123.2,2024-09-17
00:00:00,16422,123.2,123,2024-09-18
00:00:00,20848,123.2,123.2,2024-09-19
00:00:00,13303,123.2,123.6,2024-09-20
00:00:00,9064,123.2,123.2,2024-09-23
00:00:00,6256,123.4,123,2024-09-24
00:00:00,17603,123.2,123.8,2024-09-25
00:00:00,5121,123.6,123.6,2024-09-26
00:00:00,5147,123.6,123.8,2024-09-27
00:00:00,13180,124,124.4,2024-09-30
00:00:00,10499,124.4,124.6,2024-10-01
00:00:00,7002,124.2,124.4,2024-10-02
00:00:00,28535,124.6,124.4,2024-10-03
00:00:00,9177,124.6,124.6,2024-10-04
00:00:00,8433,124.6,124.8,2024-10-07
00:00:00,11163,124.8,125,2024-10-08
00:00:00,4435,125,124.8,2024-10-09
00:00:00,11750,124.8,125.2,2024-10-10
00:00:00,8145,125.2,125.2,2024-10-11
00:00:00,18754,125.4,125.8,2024-10-14
00:00:00,2897,125.8,126,2024-10-15
00:00:00,4188,125.8,126,2024-10-16
00:00:00,2488,126,126.4,2024-10-17
00:00:00,3554,126.2,126.2,2024-10-18
00:00:00,3130,126.2,126.6,2024-10-21
00:00:00,2129,126.4,126.4,2024-10-22
00:00:00,8702,126.4,126.6,2024-10-23
00:00:00,3690,126.6,126.6,2024-10-24
00:00:00,12375,126.6,126.6,2024-10-25
00:00:00,12671,126.6,126.4,2024-10-28
00:00:00,1808,126.6,126.6,2024-10-29
00:00:00,4132,126.6,126.6,2024-10-30
00:00:00,1136,126.6,126.6,2024-10-31
00:00:00,8785,126.8,127,2024-11-01
00:00:00,2528,127,127,2024-11-02
00:00:00,5719,127.2,127.2,2024-11-05
00:00:00,17079,127.2,126,2024-11-06
00:00:00,12142,113.4,125.4,2024-11-07
00:00:00,7178,122.2,124.2,2024-11-08
00:00:00,4820,125,122.4,2024-11-11
